151.25,173.31,188.51,23,45,61,152,180,195,7.21,7.85,9.16,175.38,8.01,47,182,204.37,19.74,73.93,2.86,1.99,3.59,203.68,20,74.12,203.68,20,76.47,4.76,4.49,4.75,4.98,I
144.99,162.63,174.08,18,36,50,151,170,182,15.28,13.99,19.2,164.26,11.33,38,172,208.06,17.39,69.16,11.11,8.04,5.55,209.14,17.49,70.2,210,18.38,71.37,5.42,5.03,5.52,5.57,I
142.23,167.52,184.54,16,40,55,146,172,188,14.44,14.11,23.67,169.9,12.95,42,174,206.14,23.31,73.26,10.36,8.15,7.23,207.57,21.55,72.16,209.14,20,73.73,5.62,5.02,5.59,5.97,I
156.09,188.85,217.01,27,59,91,145,175,210,18.85,13.75,23.89,193.86,12.99,65,182,208.7,28.69,85.95,9.82,7.32,5.93,210.35,28.96,85.88,212.31,30.95,82.35,5.62,5.54,5.58,5.88,I
165.25,195.46,222.56,39,67,95,169,199,209,19.01,12.39,23.1,200.65,11.38,72,191,209.86,26.27,88.12,9.79,8.48,5.44,210.94,27.43,87.45,210,29.67,81.96,5.47,5.74,5.5,5.71,I
126.46,137.48,141.02,4,20,29,143,160,181,20.13,29.77,40.77,137.57,29.38,23,164,143.88,17.22,58.56,83.26,10.73,13.36,205.26,17.92,63.53,33.75,20.56,70.98,6.24,5.68,6.25,6.61,I
139.28,155.8,171.61,12,24,43,139,144,255,22.38,23.81,42.38,158.51,23.67,27,161,180.9,22.45,70.41,74.59,13.55,13.16,214.69,20.63,67.84,213.75,16.67,100,6.46,5.94,6.32,7.13,I
158.57,196.67,222.4,33,70,104,160,198,237,24.98,17.94,36.85,200.81,18.11,76,212,204.42,29.92,89.18,22.88,10.76,8.81,208.77,29.8,91.37,210,31.33,92.94,5.95,5.89,5.92,6.21,I
177.01,201.14,213.34,57,79,98,186,219,245,28.78,25.41,44.78,203.49,26.29,83,223,190.58,19.76,86.45,54.02,12.85,12.03,209.33,19.96,89.41,206.44,24.08,96.08,6.1,5.71,6.07,6.59,I
166.73,182.27,189.57,44,57,72,165,182,195,28.67,28.3,43.65,183.57,29.42,60,187,185.93,16.56,77.45,63.63,12.02,12.21,213.1,15.02,79.22,213.75,8.33,76.47,6.32,5.9,6.29,6.78,I
104.66,96.95,85.38,98,90,78,89,76,69,25.95,29.58,27.24,93.36,25.2,87,76,29.57,20.84,42.25,20.91,10.17,10.87,27.27,19.83,39.22,30,16.67,34.9,6.3,6.26,6.33,6.38,I
141.65,140.93,126.44,28,24,13,164,158,151,35.48,35.57,36.94,136.51,32.37,21,158,38.54,14.13,57.8,18.14,13.4,13.11,33.75,10.07,61.96,32.31,7.74,64.31,6.71,6.67,6.76,6.82,I
140.43,137.94,123.2,15,11,127,154,145,137,32.11,32.32,33.27,133.22,28.43,8,142,43.54,15.7,57.38,37.43,12.86,11.98,32.31,13.56,57.25,30,16.67,60.39,6.75,6.76,6.84,6.88,I
123.84,117.19,99.47,115,105,89,104,89,74,33.79,36.88,34.1,112.08,31.73,102,87,34.02,23.02,50.69,19.79,12.07,13.6,30,21.87,46.67,30,25,40.78,6.72,6.73,6.8,6.79,I
137.7,133.53,119.35,19,12,0,158,147,138,34.87,35.64,36.62,128.88,32.64,8,144,34.7,16.78,56.08,24.67,13.13,13.04,30,13.93,58.82,33.75,10,61.96,6.91,6.86,6.96,7.02,I
90.99,81.7,69.09,88,75,66,78,70,54,18.54,25.27,19.12,78.33,18.27,74,62,27.66,26.22,36.93,14.06,10.24,9.12,22.86,25.26,34.51,22.5,28.57,30.59,6.02,5.96,6.1,6.12,I
100.54,92.3,77.22,100,88,77,96,82,69,20.95,25.94,19.58,86.81,16.58,86,78,33.26,25.61,41.25,38.89,11.71,9.5,27.27,23.4,39.61,22.5,20,37.65,6.06,6.14,6.16,6.16,I
103.53,97.02,80.05,102,91,79,101,92,79,23.45,28.19,22.09,91.75,19.9,89,87,33.03,25.25,42.56,16.52,11.32,10.7,30,23.01,40.39,22.5,25,39.61,6.24,6.32,6.32,6.33,I
96.02,89.92,72.76,89,79,65,88,76,54,29.96,36.86,30.45,84.55,30.13,76,73,32.76,28.21,39.81,17.42,13.18,13.49,30,26.58,35.69,33.1,33.33,34.51,6.65,6.64,6.75,6.72,I
71.49,64.49,50.68,67,56,46,58,56,36,24.25,34.25,23.45,59.38,23.12,54,47,30.86,33.15,30,33.99,12.34,12.7,27.27,31.88,26.67,30,33.33,22.75,6.26,6.31,6.39,6.28,I
77.36,69.06,57.2,70,58,48,59,49,42,31.95,37.22,33.95,65.57,32.8,57,49,29.83,30.51,31.45,18.11,13.61,13.83,27.27,30.26,27.84,30,33.33,23.14,6.47,6.48,6.52,6.54,I
74.21,68.56,54.55,70,59,49,64,51,43,21.81,32.34,21.96,63.31,20.91,58,50,30.24,30.13,31.25,24.07,13.53,11.82,24.71,29.41,27.84,18.26,33.33,25.1,5.93,5.96,6.09,6.04,I
73.18,64.92,52.18,72,59,51,76,60,52,17.71,29.59,17.21,60.4,16.7,58,60,25.15,31.5,30.64,19.63,11.96,10.55,18.26,30.67,28.63,18.26,33.33,29.8,5.56,5.57,5.77,5.58,I
66.11,55.86,43.53,60,46,37,57,34,30,24.93,35.23,24.96,51.47,24.48,45,35,22.14,39.5,27.9,18.66,14.5,12.9,18.26,38.98,24.31,18.26,50,21.96,6.12,6.17,6.27,6.18,I
42.67,32.11,21.67,40,25,18,37,17,13,17.53,31.8,17.36,28.23,17.54,25,22,33.15,56.01,18.4,65.14,18.26,11.61,18.26,54.76,15.69,18.26,50,14.51,5.63,5.7,5.77,5.62,I
94.21,126.64,150.71,104,10,34,0,142,179,34.84,41.13,47.29,130.09,42.15,14,147,204.13,40.92,59.19,15.94,15.73,18.36,205.53,36.965,63.53,210,100,70.2,7.05,6.71,7,7.29,I
91.44,124.19,140.91,101,11,31,0,165,255,51.37,61.1,69.48,125.27,61.63,13,168,197.96,39.9,56.25,19.65,16.75,26.9,202.76,35.47,63.14,210,100,100,7.73,7.46,7.73,7.82,I
135.63,184.02,209.86,14,68,100,140,200,255,35.55,41.19,51.01,186.56,42.37,72,208,200.52,36.23,83.23,11.8,9.89,18.54,203.08,35.215,89.8,202.5,33.33,100,7.09,6.96,7.12,6.66,I
53.37,86.31,102.75,37,72,87,0,0,255,53.08,69.29,81.95,87.74,71.17,73,0,192.87,61.97,41.76,30.95,23.87,31.99,202.5,54.925,36.08,210,100,100,7.64,6.69,7.67,7.68,I
21.61,42.34,46.01,19,37,41,0,17,43,18.34,30.17,30.69,40.26,25.29,36,16,187.19,61.74,19.49,24.2,21.43,13.51,192.86,56.06,16.47,180,100,6.67,6.51,5.72,6.52,6.78,I
119.35,148.09,167.33,123,28,53,0,159,255,48.33,50.17,55.99,150.33,50.04,32,161,204.04,33.43,67.06,23.04,18.68,20.8,207.27,30.11,71.37,210,100,100,7.4,7.37,7.41,7.48,I
85.48,124.81,146.55,105,24,57,0,156,196,49.32,63.18,75.84,126.58,64.13,29,162,199.75,48.11,59.37,22.66,18.04,29.13,206.37,43.585,73.33,180,100,76.86,7.09,6.84,7.14,7.25,I
113.1,164.56,192.56,119,44,77,136,184,211,37.29,41.12,47.76,168.07,39.81,48,192,202.84,44.39,77.4,13.46,13.29,16.48,204.94,41.59,81.18,204.88,100,82.75,7.05,6.92,7.08,7.09,I
43.89,78.78,95.76,45,76,100,0,0,109,35.1,53.16,63.01,78.29,51.48,80,0,197.27,61.58,39.99,28.58,20.24,25.04,206.47,56.475,40.39,210,100,42.75,7.44,6.51,7.45,7.73,I
26.17,49.85,58.14,28,46,57,31,47,53,13.63,31.5,24.1,47.74,18.44,48,45,200.26,58.54,24.86,18.59,16.44,13.08,205.71,53.49,22.75,210,100,20.78,6.13,5.58,6.17,6.52,I
116.8,137.14,152.42,7,30,47,0,0,255,66.05,69.37,75.44,139.51,70.04,34,0,200.56,34.19,61.65,37.14,26.08,28.65,211.13,25.64,70.395,210,100,100,7.74,7.49,7.77,7.73,I
83.55,111.37,122.76,84,123,9,0,18,18,64.44,70.59,76.55,111.6,70.26,125,17,198.99,43.83,50.38,23.65,25.03,30.08,205.71,42.555,57.65,180,100,7.06,7.67,7.45,7.71,7.72,I
70.3,110.22,132.21,74,112,10,81,114,146,25.3,35.34,40.04,111.7,31.21,116,117,203.3,48.5,53.73,14.58,14.78,15.41,206.07,48.57,54.9,201,50,55.69,6.91,6.55,6.98,7.23,I
55.24,84.72,96.48,55,80,97,53,79,96,25.45,35.88,36.36,83.72,29.78,83,81,200.23,45.92,39.87,17.11,16.86,15.37,204.38,43.42,38.82,203.41,100,37.65,6.88,6.55,6.91,7.14,I
31.81,54.91,61.12,36,54,67,37,54,69,13.94,29.9,22.25,52.11,17.13,56,56,198.11,52.04,26.07,19.34,16.15,12.24,205.71,47.17,26.67,210,100,27.06,5.87,5.39,5.9,6.23,I
46.89,66.41,74.86,21,39,49,0,28,29,53.47,60.48,63.69,66.32,59.47,40,22,194.66,55.24,31.08,31.87,28.26,25.76,200.77,55,20,210,100,12.94,7.28,6.64,7.29,7.46,I
40.37,66.38,83.81,25,47,66,0,0,255,43.78,56.47,59.97,66.83,53.4,49,0,204.34,62.65,34.81,25.99,24.81,24.47,208.14,61.11,27.06,210,100,100,7.32,6.54,7.32,7.53,I
59.92,84.91,96.68,59,83,97,0,110,101,39.19,49.07,51.16,84.43,44.93,85,93,200.53,44.21,39.97,24.8,23.31,20.77,204.38,36.36,39.61,210,100,39.61,7.43,7.06,7.45,7.57,I
57.42,83.35,95.06,51,76,90,0,76,255,43.62,54.61,58.38,82.63,51.24,77,0,200.19,47.47,39.51,23.46,23.22,23.6,205.71,41.46,37.25,210,100,100,7.55,7.13,7.58,7.72,I
17.53,34.36,35.41,13,25,27,0,19,18,16.77,35.75,30.31,30.37,23.86,24,17,187.96,55.81,16.11,27.41,21.09,15.7,195,51.52,11.37,180,100,7.06,6.06,5.52,6.12,6.37,I
9.97,26.75,28.18,8,23,26,0,21,20,9.27,24.85,15.7,23.6,12.42,22,21,187.72,70.13,12.52,24.71,20.09,10.13,192.5,69.23,10.59,180,100,9.8,5.54,4.73,5.64,5.86,I
13.29,33.59,38.02,9,25,33,0,15,27,15.24,35.15,26.1,29.67,20.75,26,17,195.22,72.11,17.22,28.36,21.96,14.6,201.7,71.43,13.73,180,100,7.45,6.12,5.03,6.21,6.5,I
19.59,45.17,60.45,12,33,47,0,0,37,26.8,45.56,50.02,44.03,39.53,33,0,201.44,75.09,25.83,29.73,21.58,21.18,207.27,76.19,19.61,240,100,14.51,6.76,5.38,6.75,7.15,I
20.48,47.91,69.08,11,30,47,0,0,255,30.29,53.87,63.77,48.8,49.79,32,0,203.53,76.55,29.22,32.59,21.1,26.11,210,78.685,20,240,100,100,6.9,5.41,6.82,7.26,I
11.86,31.22,40.92,8,20,27,0,14,13,17.71,40.41,47.53,30.28,34.88,20,13,192.83,71.74,18.08,35.4,21.77,20.56,198.33,72.59,11.37,180,100,5.49,6.07,4.88,6.01,6.55,I
157.09,161.22,162.38,8,17,21,249,251,252,52.39,49.49,48.53,161.1,49.43,17,251,154.97,6.79,64.65,76.28,5.31,19.24,195,5.41,59.22,200,1.19,98.82,7.06,7.06,7.07,7.09,I
98.06,110.91,113.43,97,109,114,92,115,121,21.29,25.16,25.86,109.71,22.16,109,96,184.61,15.23,45.66,53.92,10.14,10.15,196.55,14.81,45.1,210,16.67,47.45,6.48,6.32,6.52,6.63,I
93.53,102.36,101.82,87,94,96,86,94,98,30.93,32.65,31.13,100.92,29.9,94,93,167.99,10.08,41.12,61.64,10.21,13.04,180,9.41,38.04,180,0,38.43,6.46,6.33,6.49,6.56,I
122.19,125.37,118.49,120,123,117,69,67,69,48.42,47.59,46.48,122.53,46.49,120,70,83.13,6.11,49.54,44.3,9.44,18.85,80,4.55,48.63,90,5.56,26.27,7.24,7.32,7.29,7.27,I
70.03,72.01,64.28,64,64,58,61,61,52,22.74,27.95,24.12,68.87,23.21,62,58,65.49,11.57,28.76,31.77,10.67,10.77,66.67,10.23,25.49,90,18.64,23.92,5.85,5.69,5.89,6.03,I
118.88,125.03,125.16,104,111,118,99,103,119,37.11,34.93,33.13,124.09,32.21,112,107,170.2,9.95,51.28,78.78,11.23,13.88,204.71,8.08,47.06,213.75,0,46.67,6.69,6.71,6.74,6.83,I
100.66,118.09,122.17,95,110,116,98,111,113,31.49,35.8,38.35,116.81,32.09,110,100,199.31,19.35,49.91,32.61,13.06,15.04,198,17.82,46.075,192,13.27,44.31,6.61,6.42,6.7,6.78,I
109.48,119.53,120.83,112,116,116,120,123,119,36.94,39.71,40.28,118.28,36.05,115,123,161.35,13.64,50.12,82.45,17.75,15.99,180,6.72,47.06,90,0,47.45,6.89,6.99,6.98,6.96,I
103.82,114.92,107.38,106,113,110,110,116,115,24.7,28.6,25.48,110.71,21.35,112,115,144.1,8.59,45.24,52.11,13.99,11.13,160,5.26,44.71,180,0,45.49,6.39,6.43,6.49,6.47,I
68.41,75.7,69.1,67,69,66,62,57,54,16.21,28.61,22.12,71.39,18.02,67,56,103.68,13.86,30.79,78.25,14.88,11.13,90,10.94,27.84,20,0,24.31,6.04,5.75,6.12,6.32,I
130.54,135.32,138.29,1,6,10,96,150,255,41.38,39.74,43.81,135.28,39.17,8,152,169.93,10.78,56.65,95.48,11.99,17.09,208,8.17,56.47,0,0,100,7.16,7.22,7.17,7.27,I
117.54,139.5,148.78,106,3,10,83,107,255,43.43,44.8,55.73,138.85,44.12,2,94,190.3,21.75,61.02,52.38,19.27,20.58,208,15.91,56.86,210,0,100,7.25,7.15,7.27,7.51,I
105.66,124.52,129.68,102,119,127,109,120,121,39.07,41.32,46.06,123.75,38.51,120,118,171.06,22.19,53.93,69.07,19.47,17.59,200,14.1,51.37,0,0,47.45,7.17,7.14,7.23,7.46,I
85.49,102.21,97.94,82,95,94,80,90,90,24.96,32.46,28.75,98,25.53,93,92,172.46,15.89,41.05,41.76,14.13,12.72,172.5,13,38.04,169.09,0,36.86,6.55,6.43,6.69,6.69,I
86.12,100.9,107.21,81,95,100,68,76,69,28.97,35.15,41.13,99.6,32.07,93,70,195.02,20.28,44.2,55.11,15.01,16.31,213.75,19.435,41.18,0,0,29.8,6.9,6.72,6.89,7.2,I
146.8,158.66,166.4,26,32,37,155,158,163,34.61,34.28,40.28,159.73,33.62,33,160,206.63,12.46,66.55,44.51,14.1,14.66,217.5,7.81,65.1,217.5,0,63.92,6.96,6.89,6.96,7.05,I
123.84,134.91,140.8,8,13,17,137,140,144,36.34,39.03,43.43,135.92,37.14,14,143,199.58,13.91,57.24,71.59,16.48,16.35,217.5,8.53,57.65,180,0,56.47,6.88,6.85,6.86,7.14,I
97.01,114.55,118.65,102,116,118,114,116,116,29.63,36.08,42.21,112.89,32.59,116,117,173.43,20.31,49.14,73.95,19.86,15.96,196.36,16.25,46.67,180,0,45.49,6.77,6.72,6.83,7.14,I
105.3,128.43,144.76,104,125,18,107,114,131,28.45,30.06,37.11,129.82,27.2,0,116,209.29,29.01,58.92,18.92,11.9,13.15,214.84,28.57,58.43,213.6,33.33,51.37,6.78,6.68,6.75,7.08,I
119.05,145.89,173.28,123,18,51,134,161,197,22.95,23.43,32.62,150.97,20.64,25,168,213.09,32.73,69.82,15.69,9.39,9.88,216.28,31.68,70.59,214.69,33.33,77.25,6.35,6.22,6.35,6.64,I
151.7,158.77,160.43,20,23,23,147,149,149,21.9,20.83,29.15,158.68,20.14,23,149,149.97,6.14,64.15,83.2,11.35,10.3,180,1.38,59.61,180,0,58.43,5.66,5.53,5.67,6,I
138.63,146.77,141.44,13,15,15,142,143,143,20.94,17.65,21.3,144.35,10.59,15,144,139.12,4.6,57.76,74.01,13.64,6.95,180,1.41,56.08,180,0,56.08,4.79,5.15,4.91,4.95,I
121.14,129.96,124.78,122,126,125,116,118,118,18.45,19.16,18.86,127.28,11.04,126,118,176.53,5.37,51.05,13.08,13.16,7.51,180,1.71,49.8,180,1.69,46.27,5.03,5.19,5.2,5.21,I
124.38,133.59,130.66,121,125,124,114,127,117,25.7,26.63,30.45,131.79,23.19,125,117,178.91,6.58,53.35,28.87,14.13,11.64,180,1.74,49.02,180,1.57,45.88,5.89,5.97,5.96,6.06,I
126.53,147.14,163.92,124,17,46,119,146,173,27.5,25.65,35.97,149.55,24.3,22,123,201.66,23.2,66,31.47,15.79,12.35,213.43,23.16,68.63,180,31.21,67.84,6.53,6.54,6.51,6.72,I
187.84,188.87,197.77,64,64,73,192,191,203,15.45,13.26,13.06,191.41,13.12,66,194,238.97,5.5,77.59,20.28,5.19,5.01,234.55,4.94,78.82,228,4.93,79.61,3.93,4.17,4.11,4.05,I
172.96,174.86,179.87,49,54,60,190,191,201,24.64,23.39,29.82,176.22,23.01,54,194,226.67,6.55,71.9,69.27,8.48,9.32,234.55,5.47,74.51,234.55,5.47,78.82,5.64,5.59,5.65,5.89,I
187.53,188.29,190.05,62,63,72,192,193,203,16.66,10.22,23.41,189.24,10.35,65,196,182.04,8.14,77.67,89.47,8.71,3.61,234.55,5.5,78.43,234.55,5.42,79.61,3.98,3.85,4,4.42,I
186.82,180.34,169.8,59,49,37,185,174,163,17.89,11.98,21.6,178.32,11.45,46,171,74.83,11.44,74.66,91.27,9.06,4.14,33.1,11.82,73.73,27.27,17.3,72.55,5.16,4.88,5.12,5.77,I
179.65,168.28,154.17,58,44,31,187,172,161,24.91,20.72,21.07,165.5,18.5,41,169,37.81,15.1,71.38,51.35,7.72,8.12,27.69,14.45,72.94,25.71,13.9,73.33,4.03,4.06,4.04,4.68,I
182.67,188.91,195.47,56,61,70,184,189,199,19.02,7.51,20.19,190.85,3.16,63,191,225.4,7.87,77.97,17.4,9.69,2.47,224,7.04,78.04,234.55,7.61,78.04,2.91,3.57,3.09,3.03,I
175.23,184.25,189.12,53,58,69,182,186,197,24.03,15.39,27.67,185.65,13.26,61,188,215.25,9.5,76.18,44.31,11.65,6.16,218.82,7.65,77.25,218.82,7.61,77.25,3.6,4.4,3.86,3.95,I
178.16,184.2,184.92,54,57,68,184,185,196,23.15,11.48,27.21,184.6,8.26,60,191,184.75,9.47,75.93,85.55,12.26,4.28,218.82,7.61,76.86,224,7.65,76.86,3.92,3.95,4.16,4.58,I
176.26,174.73,164.15,52,43,37,182,169,162,24.35,13.21,25.2,172.26,7.98,42,168,107.43,11.58,72.1,115.68,12.98,4.34,33.33,9.5,71.37,30,7.69,71.37,4.77,4.79,4.91,5.75,I
172.1,167.86,159.06,55,42,35.5,185,169,159,29.6,20.75,26.98,166.07,17.18,41,169,124.15,13.03,70.61,138.69,12.56,7.81,30,11.33,72.16,27.69,14.05,72.55,4.45,4.57,4.59,5.58,I
176.22,183.94,193.51,50,55,67,175,185,195,18.53,10.13,19.92,186.52,7.16,58,187,221.69,10.1,77.07,14.74,8.98,3.44,224,8.765,76.47,225,10.26,76.47,4,4.38,4.22,3.98,I
156.61,166.99,177.5,45,51,64,175,181,194,31.09,27.04,32.62,169.82,22.88,55,184,216.54,15.31,72.22,54.27,14.42,8.82,222.67,9.74,75.29,218.82,8.85,76.08,5.5,5.81,5.81,5.86,I
168.23,176.41,178.66,47,52,62,177,183,195,26.61,19.25,29.88,176.92,16.68,55,187,193.75,11.02,73.19,84.64,12.87,7.07,218.82,8.72,75.29,218.82,8.76,76.47,5.38,5.44,5.58,5.76,I
176.36,171.45,165.33,52,41,37,180,169,160,23.96,12.72,24.92,170.61,7.47,41,167,120.96,10.5,71.61,140.08,12.63,5.11,28,8.29,70.59,24.71,6.08,70.59,4.34,4.37,4.31,5.37,I
165.22,162.08,156.29,51,40,37,181,170,172,37.38,30.23,32.46,161.05,27.31,40,172,158.11,11.61,67.92,153.19,13.1,11.48,38.82,8.33,70.59,349.09,6.08,70.98,5.56,5.82,5.6,6.05,I
170.25,178.81,191,45,50,65,174,177,192,18.12,9.46,20.29,181.94,5.32,54,182,222.55,12.24,76.23,24.22,9.66,3.68,225,10.36,75.69,225,10.36,75.29,3.05,3.37,3.19,3.71,I
147.2,155.94,169.15,29,44,54,172,177,192,29.3,27.96,32.48,158.91,24.73,47,181,223.92,15.83,68.38,48.2,12.98,10.12,225,11.27,72.16,225,10.42,75.29,5.62,5.65,5.66,6.23,I
153.59,158.38,159.12,34,34,35.5,172,176,192,25.31,23.06,31.81,158.5,20.3,33,179,171.44,12.76,66.66,101.37,12.97,8.42,218.57,10.12,67.06,225,10.42,75.29,6.01,5.51,6.11,6.45,I
169.98,174.6,175.28,45,45,52,172,173,185,22.54,11.49,25.15,174.79,5.65,47,176,211.96,7.85,71.7,95.73,12.82,4.42,234.55,5.65,71.37,234.55,5,72.55,4.52,3.68,4.42,5.35,I
151.7,150.2,147.21,42,35,33,172,161,161,39.65,39.86,40.41,149.66,36.93,35,161,179.02,10.19,62.43,139.15,12.76,14.9,228,7.1,67.45,0,10.65,67.45,5.76,5.14,5.8,6.35,I
131.84,141.9,153.04,1,7,21,105,116,138,30.68,28.19,27.12,144.38,25.56,11,120,218.95,15.57,61.12,20.41,10.69,9.97,218.82,13.33,58.82,224,25,54.12,6.44,6.7,6.51,6.43,I
134.79,141.36,148.89,6,7,20,133,136,145,28.29,26.02,26.89,143.09,20.55,11,138,232.08,13.81,60.87,60.61,13.78,8.75,232.5,10.53,58.82,240,10.53,56.86,6.23,6.51,6.38,6.28,I
147.38,145.15,143.18,18,16,23,141,118,153,23.57,21.95,27.81,144.72,17.87,18,116,192.13,12.07,61.5,124,13.56,7.13,246,7.74,60.78,240,27.66,55.29,6.01,5.92,6.08,6.18,I
148.8,150.38,152.21,24,22,26,163,163,158,28.58,23.82,24.67,150.95,18.69,24,164,257.24,8.65,62.5,87.73,12.71,8.14,261.82,5.775,61.96,260,3.68,63.92,6.15,6.45,6.31,5.97,I
123.58,123.23,130.05,6,6,17,152,150,147,35.78,36.83,35.65,125.26,33.27,10,143,265.4,13.76,53.42,69.59,12.56,13.73,272.73,9.87,57.65,272.73,3.29,59.61,6.54,6.77,6.69,6.45,I
141.15,126.59,98.12,17,126,92,145,125,84,46.23,46.57,50.14,119.73,46.92,118,118,48.76,34.17,55.57,38.54,20.12,18.17,39.77,32.765,56.86,40,100,100,7.47,7.44,7.46,7.54,I
129.7,121.55,97.48,14,2,101,174,159,0,57.4,52.28,46.1,115.18,49.78,123,140,63.73,28.46,52.27,53.05,18.84,22.11,40.36,27.12,56.47,40,100,68.24,7.55,7.7,7.62,7.44,I
162.82,144.14,100.3,49,25,104,255,158,0,46.43,45.05,47.65,133.02,44.77,13,144,42.53,42.23,64.8,15.53,19.77,17.56,39.77,40.76,69.8,40,100,100,7.29,7.23,7.27,7.39,I
172.91,153.18,102.01,46,21,95,255,255,84,38.42,40.05,50.69,140.14,41.65,7.5,136,44.12,44.23,68.72,17.02,19.5,14.2,41.14,44.64,68.63,60,50,100,7.21,7.01,7.11,7.52,I
174.66,156.26,107.72,41,16,94,255,255,84,32.98,36.87,51.26,144.1,39.51,4,255,47.85,41.06,69.54,28.38,18.85,12.06,41.4,43.08,66.67,60,50,100,6.67,6.48,6.51,7.3,I
142.18,128.15,91.01,24,6,95,176,149,109,42.92,39.66,36.64,118.34,37.26,125,144,45.71,39.31,57.1,29.29,16.65,16.11,39.71,36.76,60,40,100,68.24,7.15,7.21,7.21,7.15,I
140.45,128.45,87.55,30,10,94,171,151,97,52.24,44.29,34.39,117.15,39.76,127,140,55.69,39.44,57.24,39.34,16.65,19.45,40.56,39.055,62.75,40,100,67.06,7.1,7.26,7.21,7,I
167.05,149.49,93.63,51,28,99,181,159,100,39.25,35.12,35.82,134.47,33.04,13,142,43.53,47.29,67.39,11.92,14.96,13.54,41.54,44.5,70.59,40,50,70.98,6.77,6.72,6.76,7.03,I
170.7,151.57,92.95,47,22,92,174,147,89,34.66,29.19,35.84,135.85,27.34,7,137,44.72,49.17,69.47,22.17,14.56,10.73,40.71,47.255,69.41,40,50,68.24,6.73,6.76,6.73,7.06,I
163.77,142.72,84.18,38,14,87,175,156,93,27.01,23.02,23.8,127.2,18.86,0,133,42.28,50.24,66.1,12.1,11.26,7.95,40.5,48.04,65.88,38.26,50,68.63,6.25,6.28,6.29,6.48,I
118.86,104.68,68.5,119,101,64,112,89,0,41.15,41.6,39.48,95,39.03,91.5,85,45.33,47.5,47.82,26.76,20,16.2,39.71,44.44,47.06,40,100,43.92,7.28,7.36,7.33,7.22,I
138.96,132.12,92.57,23,8,92,159,138,94,46.25,38.71,36.68,120.45,34.69,124,125,67.76,40.11,58.02,53.21,17.31,15.92,41.79,39.185,60.39,40,100,62.35,7.05,7.17,7.12,7.17,I
153.78,139.14,92.24,39,21,100,183,162,115,39.48,36.88,34.9,126.51,33.79,8,151,42.85,43.57,62.17,12.09,14.64,14.33,40.91,39.53,66.27,40,33.33,71.76,6.86,6.92,6.93,6.97,I
129.92,131.54,139.98,23,9,117,171,152,255,56.11,41.76,68.46,133.75,33.63,6,135,115.41,48.53,71.63,95.36,22.42,16.9,42.76,43.75,69.02,40,100,100,7.01,7.42,7.27,7.48,I
148.15,127.64,71.74,20,124,73,138,116,84,27.76,27.2,30.07,112.42,23.73,111,109,41.87,54.03,59.92,11.93,14.83,9.41,40,50.65,58.82,40,50,54.12,6.57,6.5,6.57,6.9,I
97.06,86.92,60.61,99,82,49,98,82,0,38.71,43.99,45.89,79.51,41.56,74,69,56.67,45.84,39.59,55.19,25.94,16.29,38.71,46.67,39.61,40,100,38.43,7.26,7.25,7.32,7.25,I
98.02,90.45,58.6,99,88,56,139,132,93,43.24,41.44,35.33,80.53,35.53,79,100,68.29,47.19,41.22,59,23.72,17.07,40.8,46.67,41.18,40,100,54.51,7.1,7.38,7.23,7.03,I
115.93,103.94,68.67,122,112,76,167,139,0,49.69,50.65,47.42,93.99,47.15,103,40,40.52,49.6,47.32,14.18,23.73,19.85,38.64,41.535,50.98,40,100,67.06,7.04,7.16,7.1,7.05,I
97.46,91.59,85.45,92,83,68,63,49,255,44.96,45.57,66.74,89.76,40.85,87,56,82.62,51.29,49.38,83.54,23.91,22.01,40,51.69,45.88,40,50,100,7.27,7.42,7.31,7.64,I
102.47,86.62,41.03,106,83,36,111,44,21,37.16,37.01,26,73.61,28.58,71,50,45.39,61.9,42.06,31.7,19.78,15.51,39.77,64.39,43.14,40,66.67,43.53,6.75,7.11,6.94,6.54,I
77.32,107.57,123.12,76,111,5,97,117,141,38.62,46.96,56.5,107.42,47.85,113,117,184.55,43.78,50.29,57.34,18.53,20.13,204.3,42.68,52.55,210,100,55.29,7.46,7.18,7.45,7.61,I
68.49,98.33,105.04,66,106,122,36,24,0,34.62,53.84,67.01,95.14,53.16,104,24,152.86,47.66,45.51,76.3,19.62,23.7,199.13,44.83,49.8,201.18,100,14.12,7.45,7.04,7.49,7.62,I
73.6,99.71,103.91,72,105,121,47,35,0,34.95,53.13,69.12,96.02,53.87,104,28,148.08,48.33,46,77.67,21.49,23.4,198.59,44.03,49.41,205.22,100,18.43,7.47,7.08,7.51,7.59,I
79.33,107.46,115.01,82,118.5,13,97,123,0,34.46,52.35,69.73,104.78,53.63,120,138,155,47.44,50.12,74.06,20.68,23.16,202.37,42.22,56.47,206.47,100,66.27,7.43,7.07,7.46,7.53,I
61.52,79.42,78.65,55,75,70,37,27,0,29.95,49.65,62.73,75.61,48.72,69,23,134.83,48.49,36.6,80.17,24.5,21.7,189.47,44.44,32.94,40,100,14.9,7.23,6.78,7.24,7.44,I
240.67,226.27,208.96,121,104,88,255,245,236,17.49,18.94,24.68,222.74,20.25,101,243,32.54,13.37,94.38,4.89,5.6,6.86,33.33,13.33,97.65,33.75,7.09,100,5.96,4.98,5.88,6.09,I
210.7,201.18,180.61,83,72,53,203,193,175,24.45,12.86,18.52,196.51,11.73,68,189,38.55,14.89,83.53,10.96,8.39,6.53,37.78,13.86,82.75,38.57,20.25,79.61,5.48,6.06,5.56,5.37,I
245.13,219.99,187.94,121,93,62,252,222,195,22.5,7.13,18.36,213.8,7.23,87,217,32.32,24.03,97,9.83,6.84,3.04,31.53,23.38,97.65,32.9,25.1,98.82,4.73,4.46,4.57,5.15,I
240.27,232.38,221.72,118,106,97,255,235,226,22.91,7.07,21.03,230.77,6.58,104,233,49.81,8.64,95.21,72.41,9.35,4.04,27.69,7.38,96.47,30,0,100,4.68,5.08,4.69,5.02,I
194.08,213.99,228.47,62,84,103,187,213,231,20.87,7.88,19.96,216.7,6.13,88,216,207.37,15.86,90.52,24.12,9.08,1.7,209.33,18.07,90.59,209.33,19.82,90.59,4.42,5.25,4.64,4.03,I
247.78,241.6,228.27,125,117,108,255,248,241,25.96,8.05,26.77,239.57,9.08,115,247,31.11,9.14,98.47,14.4,10.06,2.12,30.97,6.32,99.22,33.75,5.49,100,4.53,3.64,4.26,5.27,I
204.41,201.99,183.6,78,73,58,211,201,181,30.02,14.09,25.56,197.79,12.09,69,192,51.52,11.75,82.13,35.06,12.82,6.85,40,9,81.18,90,14.22,82.75,5.54,6.12,5.68,5.7,I
242.23,223.92,191.56,123,97,69,255,228,201,32.62,8.7,26.33,217.58,8.33,91,223,34.69,22.48,96.93,14,10.17,3.9,31.84,20.345,98.43,31.84,19.52,100,4.81,4.58,4.7,5.21,I
204.4,211.7,207.39,81,86,85,170,221,214,36.29,17.06,30.53,211.36,14.83,84,196,140.78,11.3,86.88,93.66,13.43,6.55,202.5,8.45,87.45,210,0,83.92,5.77,6.49,5.91,5.86,I
180.25,204.69,217.8,54,77,96,196,193,225,26.2,10.66,28.41,206.89,7.95,80,214,206.57,19.01,87.39,14.93,11.23,2.53,210,17.86,87.84,210,22.43,88.24,4.83,5.48,5.01,4.36,I
243.92,242.24,236.23,123,118,115,253,247,244,25.69,12.13,27.25,241.87,12.56,118,247,33.69,4.53,96.92,54.87,9.97,4.06,20,2.69,98.43,10,3.16,99.22,4.46,4.41,4.47,4.86,I
179.02,188.15,186.79,47,56,57,158,161,235,42.7,34.51,38.74,188.08,32.92,56,163,162.31,8.59,76.22,85.74,13.64,12.72,207.27,5.45,74.12,0,0,67.84,6.84,7.05,6.9,6.84,I
151.32,170.46,174.47,20,41,51,132,162,180,33.34,23.75,28.18,170.08,20.09,42,183,173.59,17.95,71.51,61.23,13.98,8.51,204.23,16.77,71.37,210,0,72.94,6.33,6.8,6.49,6.24,I
186.58,201.4,203.04,61,72,79,170,199,210,33.5,16.99,29.16,200.95,15.11,71,194,166.78,11.17,82.11,73.02,13.78,5.28,202.5,8.33,81.96,210.91,0,81.96,5.88,6.59,6.02,5.78,I
199.68,213.48,217.01,77,86,94,213,221,228,32.1,14.69,29.71,214.11,13.49,87,224,201.88,10.05,87.08,41.07,12.87,4.45,210,6.875,87.45,210,0,89.41,5.67,6.29,5.79,5.59,I
176.37,171.71,165.89,51,32,28,239,142,135,42.51,40.73,47.39,171.25,40.18,29,243,133.2,17.33,73.96,117.75,15.13,14.07,86.09,13.07,71.37,0,0,100,6.76,7.05,6.86,7.1,I
139.08,153.03,158.81,124,9,23,236,106,249,55.86,52.39,54.75,153.87,51.52,12,243,190.53,16.1,64.6,62.27,16.74,20.75,211.96,10.73,62.35,213.75,5.22,97.65,7.22,7.42,7.23,7.33,I
110.34,132.5,143.22,118,9,21,124,141,174,31.34,34.78,42.66,133.08,33.73,10,146,203.67,24.26,58.17,19.94,12.69,15.86,210,23.15,59.61,210,25,68.24,7.02,6.81,6.98,7.26,I
140.76,160.83,171.63,16,34,50,145,169,187,26.12,24.14,31.71,162.45,21.07,38,175,207.72,19.73,69.43,21.63,11.69,9.85,211.91,18.765,70.98,213.75,20,73.73,6.29,6.26,6.35,6.48,I
182.93,194.16,198.12,55,64,74,173,188,203,28.85,14.88,26.66,195,12.28,66,191,213.83,10.05,79.77,65.56,12.9,4.59,213.75,8.17,79.61,213.75,0,79.61,5.59,6.13,5.74,5.5,I
103.83,134.63,168.48,109,8,41,111,135,194,34.44,29.26,30.55,141.04,26.47,15,142,212.21,39.93,67.13,16.73,15.5,10.62,214.38,40.485,66.67,214.29,50,76.08,6.51,6.73,6.51,6.65,I
77.28,138.01,188.76,78,10,70,77,145,211,24.87,29.08,43.04,145.69,27.4,21,159,207.29,59.99,75.96,14.46,10.77,13.71,210.68,60.29,78.04,210,66.67,82.75,6.77,6.61,6.75,7.13,I
41.68,103.36,125.09,38,100,127,34,100,143,20.68,27.85,36.95,101.47,23.36,101,103,194.93,67.04,50.96,14.8,15.63,14.21,197.61,69.88,50.98,200,66.67,56.08,6.55,6.21,6.47,7.14,I
69.11,108,110.63,51,101,108,38,88,104,48.48,35.87,33.9,103.47,31.95,97,86,186.92,43.88,45.61,35.03,30.01,13.87,189.52,50.54,43.53,180,0,40.78,6.92,7.25,6.97,7.01,I
123.7,143.05,146.62,7,21,29,183,152,170,42.64,33.88,39.52,141.66,33.47,23,156,198.38,19.45,59.41,37.42,16.96,14.62,208,15.68,62.75,213.1,7.58,67.45,6.9,7.19,6.91,7.02,I
149.78,179.39,199.13,16,50,70,139,174,195,15.49,8.52,8.55,181.9,8.07,53,177,202.64,24.73,78.13,11.11,8.06,3.36,204.21,26.83,77.65,202.73,33.33,76.47,4.97,5.71,5.02,5.03,I
131.5,183.12,211.59,2,54,84,130,173,206,17.15,12.03,20.61,186.1,10.25,57,177,202.12,38.49,83.83,8.63,6.74,4.04,203.13,38.03,83.53,203.85,34.67,80.78,5.18,5.65,5.26,5.34,I
131.95,187.18,215.75,7,64,95,141,195,224,25.83,22.19,26.23,189.89,20.67,67,196,201.22,39.78,85.46,8.44,8.31,7.48,201.88,39.74,87.45,202.5,28.33,87.84,5.94,6.43,5.98,5.7,I
135.47,191.37,217.75,8,64,93,149,190,229,30.5,20.33,24.55,193.23,19.59,67,203,200.04,38.89,86.24,8.42,10.35,6.35,200.8,38.12,87.06,200,50,89.8,6.3,6.84,6.33,6.04,I
121.78,187.41,213.96,114,57,88,103,174,208,30.04,19.97,23.95,188.33,19.03,59,176,197.82,44.14,84.75,8,10.39,6.31,198.98,47,85.1,197.65,50,81.57,6.18,6.69,6.21,6,I
99.71,151.21,178.08,96,20,53,93,147,183,26.25,25.09,29.1,153.82,22.65,24,151,201.74,45.12,71.09,10.61,10.92,9.54,203.14,45.06,71.37,203.13,50,71.76,6.42,6.51,6.48,6.51,I
118.82,181,209.84,124,56,90,132,189,225,24.33,21.62,33.4,183.4,19.87,60,193,200.1,44.58,84.06,12.52,9.53,8.49,202.11,43.24,85.88,202.5,42.67,88.24,5.61,6.19,5.72,5.47,I
92.67,137.21,165.05,92,3,36,96,132,166,22.33,30.38,32.28,140.97,25.77,9,138,205.37,45.36,66.61,13.52,7.8,10.71,208.33,44.67,64.71,208.33,43.37,65.1,6.49,6.15,6.6,6.56,I
96.11,151.84,179.73,94,17,51,85,133,170,24.01,27.97,32.79,154,23.55,22,138,201.75,48.22,72.54,13.24,8.57,9.43,204.88,47.8,70.98,204.88,50,66.67,6.47,6.4,6.58,6.54,I
118.34,179.23,201.57,107,46,74,100,167,199,40.62,28.18,32.74,179.39,25.96,46,168,197,43.53,80.98,12.81,14.69,8.21,199.58,46.805,80,200.65,50,78.04,6.59,7.05,6.72,6.4,I
66.36,123.52,153.59,67,121,25,68,119,150,16.99,18.71,20.5,125.62,13.56,124,125,201.59,57.51,61.31,9.36,8.95,6.61,202.98,55.475,60.39,203.13,50,58.82,5.66,5.89,5.74,5.9,I
61.93,127.27,160.05,59,120,30,56,115,155,21.28,24.87,27.35,129.47,17.81,125,120,201.42,62.57,64.77,12.78,10.68,8.27,203.23,63.23,62.75,202.81,63.64,60.78,5.99,6.33,6.11,6.18,I
91.1,128.42,153.67,86,126,29,64,137,165,34.82,40.15,40.22,130.92,35.88,2,129,207.51,43.2,62.13,15.09,12.09,14.39,208.33,42.86,62.35,208.33,50,64.71,7.1,6.93,7.21,7.18,I
92.28,145.92,173.09,91,21,57,86,152,193,31.86,35.8,41.95,147.39,33.24,25,153,201.64,48.46,69.78,13.34,12.4,14.26,203.88,49.27,72.94,206.21,50,75.69,6.96,6.92,7.02,6.97,I
110.81,150.78,167.99,112,31,58,118,179,202,35.74,44.68,53.91,152.02,43.88,35,181,194.24,34.61,68,33.25,14.32,19.59,203.08,36.53,73.73,202.5,41.58,79.22,7.23,7.12,7.3,7.3,I
99.75,129.54,141.35,98,3,26,98,124,160,25.49,24.02,31.1,129.32,21.02,5,129,174.56,30.88,57.43,57.86,18.69,10.66,202.64,32.92,60.39,201.23,48.75,62.75,6.15,6.54,6.23,6.21,I
83.29,104.37,111.9,83,102,106,86,127,160,18.58,33.25,45.36,103.52,30.07,103,75,140.64,31,47.77,85.57,18.11,16.18,204.38,27.54,49.02,207.27,61.25,62.75,6.15,6.02,6.24,6.25,I
70.6,83.6,84.14,67,73,74,62,70,73,21.34,36.1,39.51,81.5,30.73,73,66,153.93,24.1,36.71,87.36,16.25,16.09,196.8,21.18,31.37,0,0,29.8,6.48,6.15,6.48,6.96,I
60.38,73.38,69.02,61,68,68,62,65,68,15.27,27.34,17.57,68.98,13.24,67,65,157.79,21.88,30.53,80.4,17.42,10.7,180,18.03,28.24,180,0,27.45,5.46,5.78,5.6,5.86,I
69.1,78.71,70.47,71,75,71,71,72,73,13.68,25.68,18.11,73.13,11.46,73,70,124.75,18.52,32.2,82.41,14.99,9.91,128.57,15.48,30.59,0,16.67,30.59,5.55,5.47,5.75,5.97,I
68.23,72.07,68.68,60,60,61,55,54,57,35.14,38.53,33.88,69.78,33.85,61,58,138.22,14.75,29.8,107.7,12.98,14.94,168,12.05,25.49,0,0,22.35,6.61,6.73,6.66,6.61,I
56.85,64.01,54.24,55,57,51,58,58,47,28.11,36.77,26.01,58.49,25.84,55,59,92.77,27.31,27.1,86.92,20.98,13.97,49.41,21.52,24.31,28,20,25.1,6.56,6.63,6.73,6.57,I
40.64,57.52,54.76,37,51,51,25,44,45,23.1,32.83,23.89,52.84,21.45,50,51,165.34,34.87,24.49,72.55,22.77,12.94,187.27,31.67,21.96,180,33.33,21.18,6.27,6.32,6.4,6.5,I
54.22,69.12,67.57,50,62,64,60,57,69,29.98,34.84,27.01,65.28,25.82,61,59,170.52,29.16,29.38,71.98,21.8,13.55,192,23.81,26.67,180,50,26.67,6.54,6.73,6.65,6.67,I
51.79,61.68,60.24,52,58,57,69,56,70,20.04,28.87,23.99,58.5,18.73,57,63,145.33,27.33,27.16,92,18.57,11.92,170.77,21.95,25.1,0,12.66,24.31,6.14,6.22,6.17,6.51,I
192.99,202.14,211,193,202,211,193,202,211,14.29,13.31,11.57,200.2,13.63,199,193,209.27,8.63,82.74,3.67,1.98,4.54,208.42,8.74,82.75,208.42,8.53,82.75,5.78,5.81,5.73,5.53,I
208.08,215.84,218.43,214,222,227,209,216,219,43.28,39.08,42.46,215,40.51,222,223,185.62,6.61,86.63,67.18,10.79,15.03,207.69,5.65,89.02,207.69,0,85.88,6.16,6.34,6.05,5.88,I
182.4,196.99,208.49,186,197,211,183,197,209,20.23,12.27,19.96,194.79,11.96,196,199,210.68,13.45,82.67,11.48,7.88,3.99,212.31,12.15,83.14,209.03,12.44,81.96,5.58,5.76,5.53,5.32,I
156.67,175.1,191.01,157,173,192,157,176,192,19.88,15.51,19.72,172.33,14.37,171,166,210.5,18.92,75.8,10.88,7.68,4.96,212.43,18.69,75.29,212.43,18.23,75.29,5.86,5.9,5.8,5.56,I
96.26,126.18,149.78,97,125,151,97,127,151,20.34,19.8,18.32,120.91,18.03,119,113,207.92,36.94,59.61,9.98,8.44,6.44,208.97,36.24,59.22,210,35.76,59.22,6.07,6.16,5.92,5.69,I
200.44,212.68,218.23,201,212,220,200,212,218,22.32,10.71,22.77,209.79,10.66,209,209,207.39,9.32,86.74,13.21,8.96,3.61,208.42,8.56,86.27,208.42,8.26,85.49,5.39,5.51,5.33,5.22,I
216.22,222.43,219.29,237,239,241,246,246,244,55.11,49.17,55.61,222.42,49.65,239,246,149.73,4.71,88.17,93.85,12.66,18.94,206.25,1.32,94.9,220,0,96.47,5.92,6.22,5.94,5.78,I
203.19,217.2,220.04,205,217,223,204,218,221,26.5,8.87,27.7,215.49,8.76,214,212,204.97,9.51,88.19,15.99,11.39,2.74,208.42,7.83,87.84,206.25,7.69,86.67,5.12,5.29,5.01,4.77,I
168.49,188.17,198.31,170,189,201,170,189,199,25.77,14.47,26.9,185.23,12.84,186,191,208.24,17,79.79,16.11,11.37,4.27,211.2,15.27,79.22,209.09,14.57,78.04,5.62,5.88,5.6,5.27,I
119.74,148.61,166.02,121,148,167,121,149,167,20.76,17.88,23.07,142.76,13.44,143,147,206.52,29.57,66.92,14.04,9.93,5.72,208.16,27.81,66.27,208.16,27.54,65.49,5.77,5.95,5.68,5.55,I
195.28,208.25,214.77,197,208,216,195,208,215,21.15,11.16,21.28,205.48,10.91,205,206,206.68,10.11,85.26,11.57,8.5,3.71,208.42,8.76,85.1,210,9.3,84.31,5.44,5.62,5.37,5.22,I
203.56,214.81,214.39,209,217,222,204,215,215,29.72,16.02,31.66,213.24,15.39,216,219,205.4,7.06,86.16,20.23,12.25,6.46,207.69,5.63,87.45,207.69,5.12,84.31,5.67,5.75,5.66,5.77,I
199.18,210.33,211.43,200,210,213,199,210,212,27.6,12.98,27.87,208.59,12.56,208,219,208.27,7.72,84.82,18.84,11.6,4.65,208.42,6.13,83.92,207.69,6.13,83.14,5.63,5.81,5.59,5.55,I
162.37,182.33,191.47,163,180,194,163,182,192,24.33,15.3,25.68,178.37,12.9,176,174,206.43,17.03,77,15.35,11.02,4.95,209.09,16.58,76.47,209.09,15.1,75.29,5.5,5.69,5.44,5.12,I
108.48,124.97,128.28,108,124,128,108,124,128,36.09,40.2,42.42,120.22,37.49,119,166,200.81,17.24,52.13,15.18,11.55,16.85,202.22,15.62,50.2,201.43,15.62,50.2,7.04,6.91,7,7.07,I
151.97,167.13,173.32,170,186,197,152,167,174,53.79,54.77,59.19,164.25,55.45,184,188,200.62,17.12,69.13,20.3,17.33,22.51,206.67,12.64,77.65,210,12.64,68.24,6.46,6.44,6.39,6.37,I
170.93,186.81,190.88,181,192,199,170,186,190,33.04,25.96,32.66,182.37,26.38,190,193,202.99,12.61,76.59,15.42,12.04,9.79,206.25,9.28,78.82,208.42,10.53,74.51,6.17,6.22,6.12,6.03,I
176.93,189.3,190.98,180,189,196,177,188,190,23.75,13.45,25.39,185.92,12.68,188,187,205.72,9.18,76.75,17.43,11.43,5.09,207.69,7.65,77.25,206.25,6.84,74.51,5.41,5.29,5.24,5.28,I
151.88,164.95,167.16,160,169,172,152,165,167,28.87,25.32,31.77,161.65,23.26,170,179,206.9,11.07,67.54,18.7,12.04,10.34,208.89,9.35,69.02,207.69,8.98,65.49,6.26,6.22,6.21,6.31,I
77.8,89.53,87.42,81,91,89,80,91,89,35.78,41.46,37.98,86.53,37.95,94,107,191.88,15.67,36.27,27.24,15.32,16.47,196.36,11.49,36.47,196.36,12.09,35.69,7.17,6.91,7.04,7.03,I
104.77,114.16,114.24,117,136,129,104,113,113,64.83,69.42,71.99,109.92,70.33,147,173,167.33,18.24,46.37,72.81,21.53,27.86,198.62,9.77,54.51,201.18,7.96,44.31,7.17,7.04,7.12,7.12,I
78.93,88.79,83.01,53,58,48,76,85,79,62.06,71,72.51,81.7,69.32,44,178,123.68,22.73,36.26,75.26,22.06,28.59,135,13.92,23.92,60,10.59,33.33,7.07,7.06,7.09,6.97,I
87.41,95.5,90,84,92,86,84,92,86,55.52,60.43,61.45,88.23,60.03,82,32,136.26,13.37,38.27,73.5,17.67,24.33,135,7.89,36.08,150,8.7,36.08,7.42,7.26,7.37,7.32,I
112.11,120.03,117.19,115,120,120,111,118,116,24.54,26.57,26.53,115.13,22.72,120,126,187.05,6.67,48.02,47.53,12.75,10.77,206.67,5.16,48.24,217.5,5.93,46.27,6.45,6.3,6.33,6.41,I
49.01,56.36,50.1,49,56,49,49,56,50,37.22,45.44,41.18,52.81,41.06,48,0,125.94,22.55,22.42,61.79,26.76,18.11,128.57,11.86,21.96,165,12.5,21.96,6.89,6.64,6.82,6.65,I
192.97,185.82,179.03,83,73,65.5,228,221,212,40.65,38.83,36.53,184.49,38.25,72,219,43.23,7.24,75.73,59.85,2.51,15.84,30,7.46,82.75,30,7.02,89.41,6.4,6.38,6.4,6.34,I
194.11,187.52,175.26,89,81,71,220,211,202,40.87,38.89,42.55,184.98,38.78,79,209,32.75,11.4,77.03,11.11,8.91,14.89,30,8.29,85.1,30,8.18,86.27,5.75,5.68,5.76,5.83,I
202.32,196.72,185.54,87,80,70,227,219,212,38.31,34,39.3,194.28,34.65,78,218,32.52,9.82,80.25,12.9,8.98,13.43,30,7.48,84.71,28,6.61,89.02,6.04,5.99,6,6.17,I
222.69,217.58,207.9,97,90,82,221,214,206,21.59,10.7,21.14,215.9,10.65,88,212,30.62,7.56,88.24,11.76,8.07,4.05,28,6.76,88.24,28,6.79,86.67,5.38,5.38,5.36,5.54,I
219.81,212.13,199.73,93,85,74,213,225,218,20.42,11.66,21.14,209.86,11.42,82,224,31.44,10.08,87.11,11.16,8.07,3.55,30,8.41,87.06,33.75,6.44,91.37,5.22,5,5.19,5.51,I
92.31,98.96,95.85,91,96,96,91,99,97,37.04,37.93,34.5,96.99,34.45,95,93,146.16,10.58,39.87,85.25,13.89,15.08,180,6.72,38.82,200,0,38.04,7.09,7.18,7.14,7.09,I
125.44,125.33,114.14,125,122,112,194,107,102,42.91,41.11,39.24,120.63,37.89,118,106,49.29,11.59,51.31,48.22,13.34,16.55,32.31,8.82,50.2,30,0,76.08,7.21,7.34,7.28,7.21,I
135.73,133.07,117.43,5,1,114,114,110,94,40.43,41.04,41.5,127.81,38.31,124,102,38.16,16.93,55.3,23.54,13.57,15.44,33.75,14.29,53.33,38.82,20,44.71,7.13,7.17,7.22,7.22,I
167.79,165.73,149.61,56,51,38,209,200,192,45.15,40.32,44.19,161.57,39.44,48,198,38.37,13.81,68.05,17.81,12.75,16.02,31.58,10.47,73.73,31.58,9.09,81.96,6.81,6.88,6.89,6.92,I
203.64,198.47,182.87,87,77,66,217,205,195,34.43,23.06,32.72,195.18,22.66,75,203,32.95,12.34,81.9,16.37,11.7,9.03,30,10.09,84.31,31.58,8.88,85.1,5.29,5.14,5.35,5.46,I
72.71,85.63,86.49,72,83,86,80,83,96,31.13,34.28,31.86,83.51,30.41,82,79,199.74,20,35.3,40.12,16.34,13.52,198.46,15.52,34.51,180,16.67,34.9,6.94,6.96,7,7,I
67.06,87.61,82.28,66,86,85,0,95,83,35.63,39.44,33.2,82.45,32.26,83,97,166.22,27.37,35.67,61.22,25.63,15.32,180,18.75,35.29,180,0,39.22,7.02,7.09,7.14,7.04,I
114.74,125.53,115.59,108,122,114,86,96,91,53.93,50.7,48.13,121.18,48.14,117,87,112.44,13.23,49.9,54.77,18.12,19.85,108,7.56,48.24,140,0,37.65,7.42,7.54,7.5,7.43,I
172.42,174.53,162.23,59,58,47,214,208,189,44.72,37.36,41.06,170.91,36.59,55,196,56.69,8.7,69.99,47.32,12.93,15.15,38.57,6.44,74.9,32.31,5.88,83.92,6.87,7.01,6.89,6.92,I
143.56,143.4,123.67,17,14,125,133,123,111,33.79,31.46,32.77,137.3,28.83,9,124,46.41,16.45,58.33,14.96,11.91,12.51,42.86,14.29,57.65,49.09,16.67,52.16,6.84,6.94,6.9,6.95,I
56.57,74.74,75.66,55,72,75,0,70,75,30.76,35.66,32.38,71.78,30.59,71,65,194.23,29.93,31.46,37.15,23.62,14.13,198,22.53,30.59,180,100,29.02,6.95,6.88,7.03,7.02,I
51.07,76.37,74.15,49,73,73,0,88,82,30.66,35.08,30.51,71.37,27.86,70,72,191.53,38.56,32.04,39.55,26.31,13.93,196,30.52,30.98,210,100,34.51,6.83,6.82,6.91,6.92,I
49.37,81.19,86.09,47,78,86,0,68,84,30.69,36.06,32.2,77.52,27.97,77,69,192.99,46.04,35.98,30.12,27.02,14.37,196.67,43.68,34.9,180,100,33.73,6.84,6.78,6.95,7.01,I
87.36,99.15,94.1,91,99,98,95,103,105,32.86,35.63,28.99,95.33,28.81,97,102,167.76,13.44,39.74,52.88,16.65,13.75,180,8.25,39.22,180,0,39.61,6.79,6.93,6.91,6.78,I
97.54,107.04,90.27,94,100,88,84,86,81,29.61,29.86,26.06,100.25,23.48,96,87,98.39,16.77,42.46,48.58,13.36,12,93.33,15.46,39.61,49.57,16.67,36.08,6.49,6.78,6.53,6.59,I
55.72,73.34,77.68,51,69,75,0,75,82,38.58,41.19,37.71,71.66,37.42,68,75,199.28,35.77,31.75,21.11,22.73,15.89,202.5,30.77,30.2,210,100,32.16,7.06,6.98,7.12,7.1,I
44.35,82.56,74.58,39,79,75,0,82,82,35.25,43.37,37.32,74.21,35.7,73,70,178.86,50.02,33.5,40.61,30,16.9,174.86,45.45,32.16,180,100,35.69,7.15,6.72,7.3,7.19,I
51.83,74.87,75.2,51,71,75,0,81,86,27.79,36.42,30.26,71.24,28.33,70,66,195.43,35.79,31.95,51.39,25.42,14.26,197.78,29.67,30.59,200,100,33.73,6.84,6.72,6.95,6.92,I
58.67,77.76,78.37,54,72,77,42,64,71,33.04,38.33,31.45,74.18,30.7,71,65,195.12,31.9,33.02,40.51,22.84,14.47,196.8,28.36,30.98,180,100,27.84,6.91,6.96,7.03,6.95,I
71.64,87.36,83.49,76,88,86,98,107,90,29.38,32.24,30.09,83.13,26.17,85,91,180.32,18.46,35.33,46.16,22.83,13.16,180,9.19,34.9,180,15.89,41.96,6.7,6.79,6.76,6.85,I
205.02,222.06,229.91,80,94,102,210,221,224,15.37,8.89,9.58,222.46,9.02,95,219,197.51,10.8,90.19,10.15,6.31,3.73,198.46,8.77,90.2,204.71,7.2,88.24,5.17,5.84,5.15,5.22,I
210.93,221.07,222.03,86,94,101,214,226,233,20.59,9,23.98,220.82,9.37,94,218,162.7,9.53,89.68,68.28,8.58,3.18,200,8.26,89.8,205.26,13.1,91.37,5.1,5.34,5.04,5.58,I
224.83,220.88,209.54,99,93,82,237,220,202,23.72,4.91,20.68,218.63,4.44,90,219,80.67,11.08,90.84,68.67,9.45,3.67,37.5,10.3,90.59,28.42,16.53,92.94,3.9,5.65,3.77,5.33,I
241.01,227.59,210.21,115,100,85,243,231,221,21.58,7,20.51,224.59,6.79,97,229,31.66,13.5,95.39,10.98,8.72,2.66,30,12.03,95.29,27.69,9.88,95.29,4.42,4.62,4.5,5.1,I
233.19,233.23,223.5,109,106,98,241,236,225,20.77,4.13,19.31,230.97,3.49,104,233,63.24,5.33,92.62,34.86,8.45,2.27,48,5.08,93.33,38.57,5.81,94.51,3.29,4.2,3.49,2.98,I
191.28,221.18,229.01,63,93,106,193,219,234,25.37,10.21,25.44,221.03,9.42,93,221,197.68,17.54,91.12,12.94,10.93,3.86,197.33,17.9,91.76,196.6,17.87,91.76,5.2,6.05,5.29,5.29,I
190.71,217.22,225.21,67,89,102,201,221,230,25.64,7.38,28.89,217.84,5.94,90,219,200.18,16.95,90.22,14.17,11.26,2.84,202.64,14.59,90.2,206,12.89,90.2,4.55,5.48,4.61,4.84,I
214.23,224.23,220.94,94,97,102,251,230,234,35.57,8.96,31,223.61,7.79,96,216,136.46,13.21,92.49,85.05,13.04,2.98,200,11.96,92.16,202.86,0,92.55,4.77,6.22,4.97,5.25,I
233.43,222.16,202.62,110,93,80,251,221,211,32.22,6.51,28.64,219.23,5.08,91,219,32.8,14.93,93.69,20.76,12.85,3.56,27.27,11.54,93.73,22.5,23.11,98.43,4.11,5.16,4.2,5.17,I
231.57,231.97,217.87,110,105,95,240,234,221,30.17,4.78,28.05,229.37,3.55,102,231,47.03,7.97,92.94,29.89,11.95,2.12,38.57,6.03,93.33,38.57,5.96,94.12,3.5,4.09,3.75,3.45,I
186.13,215.24,224.11,62,92,103,191,231,249,29.97,19.61,28.18,215.52,19.34,92,230,198.4,18.17,89.05,11.34,9.86,7.29,198.95,17.27,90.59,200,7.23,97.65,6.16,6.62,6.15,6.1,I
155.56,192.8,200.99,33,72,86,158,204,221,35.24,29.61,39.83,192.29,28.6,72,207,195.44,24.63,81,15.58,12.98,11.98,198.59,24.08,84.31,200,25,86.67,6.32,6.76,6.4,6.41,I
170.87,206.21,213.47,50,86,98,222,212,232,46.62,31.05,39.24,205.21,31.18,86,213,189.19,23.07,85.91,30.66,15.83,11.08,197.14,21.625,89.41,200,5.93,90.98,6.43,7.23,6.5,6.26,I
196.69,214.67,211.14,73,87,87,204,217,215,29.13,8.55,27.88,213.05,6.7,85,216,157.56,10.44,85.65,57.35,12.8,3.08,188.57,7.88,85.1,192,0.93,84.31,4.56,5.95,4.72,4.52,I
207.81,217.87,209.39,84,90,86,234,229,220,31.38,11.33,27.6,215.62,10.02,88,227,114.06,7.85,86.41,66.03,12.24,4.52,118,5.5,85.88,43.64,5.98,91.76,5.23,6.02,5.36,5.12,I
141.01,161.03,162.95,19,38,42,141,181,180,33.35,31.01,32.75,159.58,29.12,37,165,185.85,15.39,65.42,24.39,12.11,11.92,195,12.2,67.45,180,8.33,70.59,6.66,6.86,6.7,6.6,I
142.16,150.47,136.07,25,28,9,156,193,201,48.17,48.75,51.84,145.84,47.86,23,206,107.57,15.08,60.32,59.52,13.58,19,97.5,11.725,62.75,60,22.39,78.82,7.49,7.44,7.51,7.56,I
133.71,157.62,155.98,8,37,45,161,196,213,33.1,40.94,52.47,154.53,41.02,35,198,149.53,20.22,65.08,62.88,13.7,17.45,192.86,19.07,69.8,197.14,19.72,83.53,7.15,6.87,7.17,7.38,I
145.98,184.37,191.29,27,61,72,158,194,207,29.36,22.57,31.43,183.01,20.4,61,192,194.09,25.76,77.16,13.01,11.67,8.09,196.47,23.65,78.82,197.14,23.56,81.18,6.16,6.4,6.26,6.2,I
186.12,205.03,202.35,64,78,80,193,205,209,27.24,10.06,26.25,203.09,7.91,77,209,176.18,10.37,81.63,28.95,12.61,3.39,188.57,7.55,81.96,180,5.85,83.14,4.87,5.84,5.02,4.66,I
62.74,72.62,70.42,60,69,68,59,77,64,36.2,41.06,38.75,69.65,36.89,68,76,161.29,15.43,29.13,61.25,15.61,16.32,172.5,12.05,27.45,180,0,29.02,7,6.89,7.06,7.09,I
61.34,74.3,67.94,60,72,67,71,77,61,31.73,41.42,36.21,68.9,34.06,68,76,142.29,18.51,29.69,63.72,18.51,16.31,168,13.89,28.24,180,0,30.2,7.07,6.96,7.17,7.13,I
61.9,74.61,68.5,55,65,62,45,58,54,36.26,44.43,38.03,70.13,37.52,63,57,155.38,17.58,29.66,51.86,17.26,17.52,169.09,13.41,25.49,180,0,22.75,7.08,6.99,7.2,7.11,I
76.06,91.17,86.79,65,78,72,39,56,43,42.24,50.35,49.23,87.1,46.24,74,55,166.19,17.01,36.59,38.88,15.42,20.44,171.43,14.02,30.59,180,16.67,21.96,7.32,7.23,7.41,7.41,I
123.69,143.78,142.28,15,40,41,186,205,202,57.74,61.88,64.63,140.88,61,37,192,177.68,16.42,57.78,34.92,12.97,24.79,190,13.81,67.84,196.15,9.27,80.39,7.28,7.35,7.36,7.27,I
252.74,252.72,251.16,126,126,126,254,254,254,4.44,4.44,4.82,252.23,4.38,126,254,21.4,0.69,99.18,33.73,1.13,1.76,0,0,99.61,0,0,99.61,2.45,1.91,2.16,2.91,I
249.56,252.04,247.43,126,126,124,254,254,254,21.84,5.2,21.82,251.28,5.12,125,254,34.29,1.89,98.91,38.27,8.48,2.05,0,0,99.61,0,0,99.61,3.22,2.82,2.72,3.77,I
249.2,250.16,240.32,125,124,115,254,253,249,21.62,4.91,21.5,247.97,5.19,121,252,55.7,4.59,98.78,17.72,8.35,1.54,50.77,3.57,99.22,48,1.97,99.61,3.94,3.32,3.73,4.57,I
246.13,244.2,231.44,121,116,105,248,240,233,21.57,6.87,20.93,241.44,6.78,113,237,46.35,6.89,97.49,14,8.11,2.14,44,5.65,97.65,50,8.47,97.25,4.65,4,4.61,4.88,I
244.23,235.76,222.45,119,107,96,248,236,224,21.02,5.55,19.79,233.5,5.28,105,234,32.18,9.77,96.69,11.52,7.85,1.19,30,9.68,96.86,30,10.61,97.25,4.29,3.41,4.34,4.6,I
209.12,211.79,206.6,126,126,126,254,254,254,76.59,74.82,80.28,211.11,75.76,126,254,25.4,5,83.32,44.43,12.04,29.04,0,0,99.61,0,0,99.61,3.79,3.86,3.75,3.97,I
246.63,248.74,239.02,126,126,121,254,254,254,30.06,7.86,31.18,247.47,8.85,125,254,32.85,5.01,98.63,40.88,11.92,1.8,30.97,1.96,99.61,0,0,99.61,3.77,3.36,3.61,4.43,I
240.07,238.05,225.02,122,122,109,254,254,254,32.05,19.74,37.76,236.27,20.68,120,254,44.22,8.53,96.2,39.76,12.96,4.95,30.97,4.43,99.22,0,0,99.61,4.87,4.67,4.62,5.46,I
245.57,248.43,237.74,126,125,121,254,253,249,32.9,12.45,34.69,246.92,12.97,124,252,54.33,5.49,98.53,38.36,12.82,3.16,48,1.97,99.61,48,1.97,99.61,3.69,3.29,3.33,4.41,I
245.48,244.58,232.07,123,116,109,250,244,235,30.78,5.77,29.73,242.8,6.14,115,243,37,7.33,98.2,20.71,11.62,1.59,32.31,5.2,98.43,43.64,5.2,98.04,4.1,3.42,4,4.66,I
92.76,91.05,78.1,59,58,45,38,31,21,69.15,71.03,70.66,86.88,70.49,54,31,45.67,26.92,37.55,20.43,18.19,27.75,38.82,24.34,23.92,38.82,50,14.9,7.27,7.23,7.27,7.3,I
210.81,213.91,203.87,108,107,99,254,254,254,57.94,52.89,60.86,212.12,53.75,105,254,62.14,7,84.99,61.69,14.06,20.25,37.78,2.35,93.73,0,0,100,6.66,6.59,6.54,6.91,I
186.4,175.33,156.72,73,58,39,221,203,192,46.27,40.36,42.91,171.56,39.27,54,202,30.72,18.21,74.95,15.82,11.35,16.13,27.57,16.24,79.61,30,14.29,86.67,7.09,7.14,7.15,7.17,I
218.87,209.95,191.06,106,93,76,246,235,224,41.95,33.87,42.53,206.32,33.97,90,234,33.25,15.04,87.74,15.65,11.89,12.54,30,12.76,92.55,30,9.05,97.25,6.62,6.39,6.62,6.84,I
183.68,167.06,145.47,54,35,13,250,240,233,39.8,40.57,45.09,163.63,39.89,32,239,29.13,23.74,73.88,16.01,12.4,13.69,26.67,23.56,72.94,26.67,6,98.04,7.13,6.99,7.17,7.26,I
49.83,47.84,35.41,41,36,25,35,28,16,23,31.58,25.59,43.07,24.94,33,24,46.61,37.74,20.92,30.56,18.72,11.77,38.57,40.48,16.47,31.58,50,13.73,6.16,6.08,6.24,6.16,I
133.52,134.27,121,121,122,108,211,214,204,71.6,69.2,70.91,129.46,69.35,116,223,52.81,16.19,54.55,36.61,15.06,27.54,38.82,12.39,50.2,30,4.67,83.92,7.67,7.7,7.68,7.73,I
95.95,96.78,81.32,82,81,69,71,73,56,44.35,46.09,43.17,90.95,42.17,78,72,54.95,20.26,39.79,36.49,14.07,18.37,44,17.92,33.33,44,20,27.84,7.08,7.13,7.16,7.16,I
99.85,97.63,81.39,86,81,67,68,68,60,46.88,49.36,45.92,92.12,45.9,77,68,39.52,23.58,41.2,17.04,14.36,19.41,35.45,20.97,34.51,30,25,26.67,7.2,7.26,7.26,7.25,I
133.79,123.94,107.02,7,119,104,134,114,103,41.59,40.37,38.16,119.34,37.09,116,122,35.31,22.46,54.29,43.15,12.49,16.09,27.69,21.525,53.73,25.71,25,52.55,7.15,7.31,7.24,7.19,I
57.55,70.24,59.03,52,66,56,37,75,23,30.95,36.13,34.42,64.28,32.85,61,29,119.72,24.93,27.8,41.23,14.69,13.98,137.14,22.67,25.88,108,25,16.08,6.72,6.55,6.78,6.82,I
53.19,67.68,55.5,51,62,53,49,46,41,21.83,35.42,27.11,60.59,25.41,58,47,117.66,23.32,26.7,41.83,17.19,13.77,130,18.67,24.31,160,25,18.04,6.67,6.44,6.8,6.75,I
64.24,74.11,60.67,63,69,57,58,63,50,24.05,33.18,27.18,67.23,25.29,64,57,98.25,19.9,29.34,45.3,14.76,12.94,92.73,16.92,27.06,81.82,16.67,25.88,6.64,6.53,6.72,6.73,I
58.67,65.05,49.77,58,61,49,54,60,47,16.63,28.75,17.63,57.82,16.37,57,53,73.89,22.96,26.07,28.78,14.23,11.02,70,19.05,24.31,44,20,24.31,6.05,5.99,6.2,6.13,I
59.18,61.89,48.19,56,57,46,52,53,49,22.36,30.13,21.21,55.25,19.58,53,54,67.61,25.58,25.68,44.63,15.12,11.86,50.77,21.365,23.53,38.82,20,22.75,6.26,6.28,6.38,6.35,I
181.56,186.64,177.12,54,59,48,184,188,176,9.36,7.88,6.67,183.16,7.36,55,184,99.17,5.88,73.2,34.52,1.44,3.1,81.82,6.01,73.33,80,6.38,73.73,4.52,4.99,4.69,4.42,I
158.35,177.64,177.77,32,50,52,163,179,183,16.17,10.82,17.55,175.7,8.5,49,178,184.39,12.13,70.88,13.1,8.17,4.19,189,12.14,70.98,192.5,13.66,71.37,4.89,5.19,4.94,5.06,I
152.93,176.06,180.56,25,46,51,154,169,170,16.77,13.56,21.17,175.02,12.1,45,166,190.5,16.14,71.88,13.39,8.72,6.06,196.15,14.55,70.59,201,12.97,66.27,5.4,5.3,5.39,5.81,I
146.04,173.64,186.12,17,47,67,137,196,220,19.25,21.64,34.06,174.47,22.21,49,199,187.62,22.65,74.44,39.73,10.37,10.91,203.72,23.675,76.86,204.83,26.36,86.27,6.4,5.9,6.35,6.68,I
124.44,126.68,117.39,121,123,117,119,119,117,15.03,14.87,12.51,123.51,8.98,122,118,84.38,7.46,50.16,41.98,10.18,6.11,75,3.36,48.24,140,2.52,46.67,4.54,4.84,4.74,4.53,I
174.96,186.21,176.05,49,58,51,180,186,181,18.95,9.57,20.25,182.39,6.65,55,184,124.01,7.66,73.15,41.04,10.17,3.74,130,5.98,72.94,144,5.91,72.94,4.66,4.77,4.76,5.27,I
154.08,183.47,188.24,28,53,57,158,173,178,24.1,20.4,33.24,182.04,19.4,52,172,192.85,19.44,75.76,13.69,11.61,9.53,193.33,16.925,73.73,192.5,11.24,69.8,6.19,6.01,6.22,6.4,I
167.77,204.69,214.89,47,80,96,192,212,226,27.86,15.39,31.22,204.64,14.25,81,213,196.94,23.69,86.29,13.33,11.17,5.59,199.57,20.6,87.84,200.49,18.14,88.63,5.55,6.05,5.66,5.45,I
140.64,164.64,164.36,12,41,51,119,118,113,30.48,37.71,50.31,162.55,37.27,40,117,147.03,20.04,68.39,68.04,13.79,16.35,195.48,18.49,72.55,200.49,4.24,46.67,6.64,6.51,6.77,6.93,I
122.76,134.12,128.04,124,5,3,122,135,147,17.37,18.16,20.1,130.41,10.15,3,134,159.43,7.57,52.78,37.58,13.3,7.16,172.5,5.84,52.16,180,1.61,47.84,5.21,4.96,5.35,5.46,I
175.09,191.72,186.38,53,67,64,182,196,195,21.02,13.74,21.67,188.71,12.12,64,196,168.11,8.57,75.31,12.19,9.36,5.31,170.53,7.07,76.47,170.77,7.14,76.86,5.46,5.57,5.51,5.54,I
159.86,189.46,193.12,33,60,70,159,177,233,30.57,25.81,38.48,187.91,24.81,59,175,186.75,19.09,78.27,21.48,13.68,11.05,196.6,18.52,78.82,170.77,20,69.41,6.51,6.51,6.57,6.74,I
180.3,213.65,220.78,62,92,103,196,230,243,38.95,27.13,38.63,213.05,26.77,91,231,193.47,20.35,88.61,18.82,13.37,10.09,198.26,17.24,90.98,192.86,21.86,97.25,6.5,6.93,6.5,6.33,I
115.19,117.09,100.34,114,112,102,116,115,116,23.7,27.09,27.77,111.14,21.02,109,117,62.17,17.16,47.81,40.88,16.27,10.34,46.88,12.17,45.49,90,1.69,46.27,5.81,5.38,5.74,6.38,I
134.21,143.81,134.16,5,12,6,130,125,125,23.06,20.88,24.33,139.45,16.11,9,123,128.11,7.36,56.43,41.7,13.13,8.17,140,5,54.9,80,5.8,49.8,5.81,5.81,5.83,6.13,I
148.2,170.58,169.23,21,44,51,175,164,188,30.18,28.47,30.55,168.03,26.18,44,165,173.47,15.02,68.68,27.49,11.31,10.89,176.25,11.4,71.37,170.53,9.79,74.51,6.5,6.67,6.61,6.33,I
176.04,203.01,203.07,55,82,85,160,221,246,41.88,33.77,44.11,200.29,34.48,80,238,170.99,16.98,82.65,41.67,14,13.33,191.67,12.845,85.88,192,17.1,96.47,6.92,7.1,6.89,7.01,I
164.51,193.12,197.03,42,83,97,109,247,250,50.12,48.9,56.13,192.13,48.63,83,247,189.06,17.95,79.32,19.66,14.2,19.93,196,14.35,89.41,180,18.55,98.04,6.95,7.21,6.96,6.87,I
113.26,121.79,111.34,116,119,115,115,118,116,16.53,19.73,20.98,116.85,10.89,117,117,109.2,11.84,48.64,56.02,14.71,7.58,90,7.63,47.06,75,3.36,46.27,5.4,4.95,5.38,5.97,I
143.19,156.34,148.55,21,31,27,151,163,158,20.38,16.79,23.13,152.47,12.05,28,159,151.18,7.79,61.31,30.62,12.62,6.58,169.09,6.67,62.35,169.09,6.75,63.92,5.34,5.09,5.44,5.63,I
124.79,158.12,153.96,121,32,28,0,229,212,66.58,55.22,57.64,153.23,55.85,27,228,165.36,28.9,63.35,37.44,23.87,21.94,176.67,20.675,65.88,180,100,90.2,7.66,7.82,7.63,7.67,I
107.45,147.83,131.16,82,6,116,71,245,90,68.91,60.42,66.57,139.38,62.38,123,244,154.44,33.45,58.33,28.57,21.32,24.07,160,32.91,52.55,180,50,96.47,7.59,7.63,7.6,7.73,I
87.67,125.83,114.22,78,120,112,74,117,123,48.85,46.91,49.28,118.18,46.49,114,123,166.59,33.56,49.83,22.28,17.86,18.63,168.29,33.03,47.84,180,33.33,49.41,7.27,7.32,7.26,7.42,I
93.65,112.19,99.68,97,114,103,118,122,119,38.48,37.94,37.72,106.06,34.29,109,120,126.31,20.59,44.17,46.11,20.08,14.8,140,12.84,44.71,140,9.02,47.84,7.08,7.18,7.12,7.19,I
85.46,111.72,98.24,76,108,95,143,156,149,43.3,42.23,44.34,104.33,40.75,101,152,149.41,27.63,43.85,28.5,20.03,16.55,159.38,25.76,42.35,170.77,8.33,61.18,7.2,7.15,7.23,7.28,I
